No.,Time,Source,Destination,Protocol,Length,Info,label
1,0,100.86.87.79,157.240.229.174,TCP,66,61355  >  443 [SYN] Seq=0 Win=64240 Len=0 MSS=1460 WS=256 SACK_PERM,2
2,0.011495,157.240.229.174,100.86.87.79,TCP,66,"443  >  61355 [SYN, ACK] Seq=0 Ack=1 Win=65535 Len=0 MSS=1392 SACK_PERM WS=256",2
3,0.011774,100.86.87.79,157.240.229.174,TCP,54,61355  >  443 [ACK] Seq=1 Ack=1 Win=132096 Len=0,2
4,0.013605,100.86.87.79,157.240.229.174,TLSv1.3,1781,Client Hello (SNI=www.instagram.com),2
5,0.028265,157.240.229.174,100.86.87.79,TCP,56,443  >  61355 [ACK] Seq=1 Ack=1728 Win=71168 Len=0,2
6,0.028265,157.240.229.174,100.86.87.79,TLSv1.3,2838,"Server Hello, Change Cipher Spec, Application Data, Application Data",2
7,0.028473,100.86.87.79,157.240.229.174,TCP,54,61355  >  443 [ACK] Seq=1728 Ack=2785 Win=132096 Len=0,2
8,0.028705,157.240.229.174,100.86.87.79,TLSv1.3,80,Application Data,2
9,0.031905,100.86.87.79,157.240.229.174,TLSv1.3,118,"Change Cipher Spec, Application Data",2
10,0.042512,157.240.229.174,100.86.87.79,TLSv1.3,230,Application Data,2
11,0.045543,157.240.229.174,100.86.87.79,TLSv1.3,128,Application Data,2
12,0.045771,100.86.87.79,157.240.229.174,TCP,54,61355  >  443 [ACK] Seq=1792 Ack=3061 Win=131840 Len=0,2
13,0.096412,100.86.87.79,157.240.229.174,TLSv1.3,146,Application Data,2
14,0.097402,100.86.87.79,157.240.229.174,TLSv1.3,85,Application Data,2
15,0.097541,100.86.87.79,157.240.229.174,TLSv1.3,565,Application Data,2
16,0.106222,157.240.229.174,100.86.87.79,TLSv1.3,85,Application Data,2
17,0.108579,157.240.229.174,100.86.87.79,TCP,56,443  >  61355 [ACK] Seq=3092 Ack=2426 Win=73984 Len=0,2
18,0.108977,157.240.229.174,100.86.87.79,TLSv1.3,89,Application Data,2
19,0.109088,100.86.87.79,157.240.229.174,TCP,54,61355  >  443 [ACK] Seq=2426 Ack=3127 Win=131840 Len=0,2
20,0.174373,157.240.229.174,100.86.87.79,TCP,1446,443  >  61355 [ACK] Seq=3127 Ack=2426 Win=73984 Len=1392 [TCP segment of a reassembled PDU],2
21,0.174936,157.240.229.174,100.86.87.79,TLSv1.3,2838,Application Data,2
22,0.175003,100.86.87.79,157.240.229.174,TCP,54,61355  >  443 [ACK] Seq=2426 Ack=7303 Win=132096 Len=0,2
23,0.175684,157.240.229.174,100.86.87.79,TLSv1.3,293,Application Data,2
24,0.175684,157.240.229.174,100.86.87.79,TCP,1446,443  >  61355 [ACK] Seq=7542 Ack=2426 Win=73984 Len=1392 [TCP segment of a reassembled PDU],2
25,0.175795,100.86.87.79,157.240.229.174,TCP,54,61355  >  443 [ACK] Seq=2426 Ack=8934 Win=132096 Len=0,2
26,0.177276,157.240.229.174,100.86.87.79,TLSv1.3,1446,Application Data,2
27,0.177276,157.240.229.174,100.86.87.79,TLSv1.3,1446,Application Data,2
28,0.177276,157.240.229.174,100.86.87.79,TCP,2838,"443  >  61355 [PSH, ACK] Seq=11718 Ack=2426 Win=73984 Len=2784 [TCP segment of a reassembled PDU]",2
29,0.177403,100.86.87.79,157.240.229.174,TCP,54,61355  >  443 [ACK] Seq=2426 Ack=14502 Win=132096 Len=0,2
30,0.177684,157.240.229.174,100.86.87.79,TLSv1.3,5622,"Application Data, Application Data",2
31,0.177763,100.86.87.79,157.240.229.174,TCP,54,61355  >  443 [ACK] Seq=2426 Ack=20070 Win=132096 Len=0,2
32,0.178913,157.240.229.174,100.86.87.79,TCP,1446,"443  >  61355 [PSH, ACK] Seq=20070 Ack=2426 Win=73984 Len=1392 [TCP segment of a reassembled PDU]",2
33,0.179084,100.86.87.79,157.240.229.174,TCP,54,61355  >  443 [ACK] Seq=2426 Ack=21462 Win=132096 Len=0,2
34,0.179283,157.240.229.174,100.86.87.79,TLSv1.3,202,Application Data,2
35,0.219106,100.86.87.79,157.240.229.174,TLSv1.3,448,Application Data,2
36,0.219275,100.86.87.79,157.240.229.174,TLSv1.3,190,Application Data,2
37,0.229726,157.240.229.174,100.86.87.79,TCP,56,443  >  61355 [ACK] Seq=21610 Ack=2956 Win=79616 Len=0,2
38,0.2299,157.240.229.174,100.86.87.79,TLSv1.3,89,Application Data,2
39,0.254084,157.240.229.174,100.86.87.79,TLSv1.3,370,Application Data,2
40,0.254229,100.86.87.79,157.240.229.174,TCP,54,61355  >  443 [ACK] Seq=2956 Ack=21961 Win=131584 Len=0,2
41,0.254574,157.240.229.174,100.86.87.79,TLSv1.3,158,Application Data,2
42,0.259336,157.240.229.174,100.86.87.79,TCP,1446,443  >  61355 [ACK] Seq=22065 Ack=2956 Win=79616 Len=1392 [TCP segment of a reassembled PDU],2
43,0.259531,100.86.87.79,157.240.229.174,TCP,54,61355  >  443 [ACK] Seq=2956 Ack=23457 Win=132096 Len=0,2
44,0.259684,157.240.229.174,100.86.87.79,TLSv1.3,2838,Application Data,2
45,0.259753,100.86.87.79,157.240.229.174,TCP,54,61355  >  443 [ACK] Seq=2956 Ack=26241 Win=132096 Len=0,2
46,0.259988,157.240.229.174,100.86.87.79,TCP,1446,"443  >  61355 [PSH, ACK] Seq=26241 Ack=2956 Win=79616 Len=1392 [TCP segment of a reassembled PDU]",2
47,0.260525,157.240.229.174,100.86.87.79,TLSv1.3,2838,Application Data,2
48,0.26065,100.86.87.79,157.240.229.174,TCP,54,61355  >  443 [ACK] Seq=2956 Ack=30417 Win=132096 Len=0,2
49,0.263995,157.240.229.174,100.86.87.79,TLSv1.3,2838,Application Data,2
50,0.264314,100.86.87.79,157.240.229.174,TCP,54,61355  >  443 [ACK] Seq=2956 Ack=33201 Win=132096 Len=0,2
51,0.265151,157.240.229.174,100.86.87.79,TLSv1.3,2838,Application Data,2
52,0.265151,157.240.229.174,100.86.87.79,TLSv1.3,5622,"Application Data, Application Data",2
53,0.265555,100.86.87.79,157.240.229.174,TCP,54,61355  >  443 [ACK] Seq=2956 Ack=41553 Win=132096 Len=0,2
54,0.265842,157.240.229.174,100.86.87.79,TLSv1.3,2838,"Application Data, Application Data",2
55,0.266016,100.86.87.79,157.240.229.174,TCP,54,61355  >  443 [ACK] Seq=2956 Ack=44337 Win=132096 Len=0,2
56,0.267917,157.240.229.174,100.86.87.79,TCP,1446,443  >  61355 [ACK] Seq=44337 Ack=2956 Win=79616 Len=1392 [TCP segment of a reassembled PDU],2
57,0.267917,157.240.229.174,100.86.87.79,TCP,1446,"443  >  61355 [PSH, ACK] Seq=45729 Ack=2956 Win=79616 Len=1392 [TCP segment of a reassembled PDU]",2
58,0.267917,157.240.229.174,100.86.87.79,TLSv1.3,1446,Application Data,2
59,0.267917,157.240.229.174,100.86.87.79,TCP,1446,"443  >  61355 [PSH, ACK] Seq=48513 Ack=2956 Win=79616 Len=1392 [TCP segment of a reassembled PDU]",2
60,0.268071,100.86.87.79,157.240.229.174,TCP,54,61355  >  443 [ACK] Seq=2956 Ack=49905 Win=132096 Len=0,2
61,0.269948,157.240.229.174,100.86.87.79,TLSv1.3,7014,"Application Data, Application Data, Application Data",2
62,0.270135,100.86.87.79,157.240.229.174,TCP,54,61355  >  443 [ACK] Seq=2956 Ack=56865 Win=132096 Len=0,2
63,0.270885,157.240.229.174,100.86.87.79,TLSv1.3,8406,"Application Data, Application Data",2
64,0.270974,100.86.87.79,157.240.229.174,TCP,54,61355  >  443 [ACK] Seq=2956 Ack=65217 Win=132096 Len=0,2
65,0.27158,157.240.229.174,100.86.87.79,TLSv1.3,1446,Application Data,2
66,0.27158,157.240.229.174,100.86.87.79,TLSv1.3,815,Application Data,2
67,0.271656,100.86.87.79,157.240.229.174,TCP,54,61355  >  443 [ACK] Seq=2956 Ack=67370 Win=132096 Len=0,2
68,0.273252,157.240.229.174,100.86.87.79,TLSv1.3,147,Application Data,2
69,0.296617,157.240.229.174,100.86.87.79,TLSv1.3,7014,"Application Data, Application Data",2
70,0.296617,157.240.229.174,100.86.87.79,TLSv1.3,440,Application Data,2
71,0.296876,100.86.87.79,157.240.229.174,TCP,54,61355  >  443 [ACK] Seq=2956 Ack=74809 Win=132096 Len=0,2
72,0.353998,157.240.229.174,100.86.87.79,TCP,1446,443  >  61355 [ACK] Seq=74809 Ack=2956 Win=79616 Len=1392 [TCP segment of a reassembled PDU],2
73,0.353998,157.240.229.174,100.86.87.79,TLSv1.3,1446,Application Data,2
74,0.353998,157.240.229.174,100.86.87.79,TLSv1.3,1446,Application Data,2
75,0.353998,157.240.229.174,100.86.87.79,TLSv1.3,1198,Application Data,2
76,0.353998,157.240.229.174,100.86.87.79,TLSv1.3,1434,Application Data,2
77,0.353998,157.240.229.174,100.86.87.79,TLSv1.3,88,Application Data,2
78,0.3543,100.86.87.79,157.240.229.174,TCP,54,61355  >  443 [ACK] Seq=2956 Ack=81543 Win=132096 Len=0,2
79,0.962196,100.86.87.79,157.240.229.174,TLSv1.3,271,Application Data,2
80,0.962346,100.86.87.79,157.240.229.174,TLSv1.3,13153,Application Data,2
81,0.96893,100.86.87.79,157.240.229.174,TLSv1.3,218,Application Data,2
82,0.969669,100.86.87.79,157.240.229.174,TLSv1.3,159,Application Data,2
83,0.969807,100.86.87.79,157.240.229.174,TLSv1.3,159,Application Data,2
84,0.96996,100.86.87.79,157.240.229.174,TLSv1.3,159,Application Data,2
85,0.973274,157.240.229.174,100.86.87.79,TLSv1.3,89,Application Data,2
86,0.974177,157.240.229.174,100.86.87.79,TCP,56,443  >  61355 [ACK] Seq=81578 Ack=11525 Win=99072 Len=0,2
87,0.974791,157.240.229.174,100.86.87.79,TCP,56,443  >  61355 [ACK] Seq=81578 Ack=15701 Win=107520 Len=0,2
88,0.979363,157.240.229.174,100.86.87.79,TCP,56,443  >  61355 [ACK] Seq=81578 Ack=16436 Win=112896 Len=0,2
89,0.979749,157.240.229.174,100.86.87.79,TLSv1.3,124,"Application Data, Application Data",2
90,0.979808,100.86.87.79,157.240.229.174,TCP,54,61355  >  443 [ACK] Seq=16751 Ack=81648 Win=132096 Len=0,2
91,0.980039,157.240.229.174,100.86.87.79,TCP,56,443  >  61355 [ACK] Seq=81648 Ack=16751 Win=112896 Len=0,2
92,0.980735,157.240.229.174,100.86.87.79,TLSv1.3,102,Application Data,2
93,0.980842,100.86.87.79,157.240.229.174,TCP,54,61355  >  443 [ACK] Seq=16751 Ack=81696 Win=131840 Len=0,2
94,0.995727,100.86.87.79,157.240.229.174,TLSv1.3,153,Application Data,2
95,0.99581,100.86.87.79,157.240.229.174,TLSv1.3,745,Application Data,2
96,1.005376,157.240.229.174,100.86.87.79,TLSv1.3,344,Application Data,2
97,1.006709,157.240.229.174,100.86.87.79,TLSv1.3,2838,Application Data,2
98,1.006779,100.86.87.79,157.240.229.174,TCP,54,61355  >  443 [ACK] Seq=17541 Ack=84770 Win=132096 Len=0,2
99,1.007423,157.240.229.174,100.86.87.79,TLSv1.3,11190,"Application Data, Application Data, Application Data",2
100,1.007517,100.86.87.79,157.240.229.174,TCP,54,61355  >  443 [ACK] Seq=17541 Ack=95906 Win=132096 Len=0,2
101,1.008367,157.240.229.174,100.86.87.79,TLSv1.3,8406,"Application Data, Application Data, Application Data",2
102,1.008472,100.86.87.79,157.240.229.174,TCP,54,61355  >  443 [ACK] Seq=17541 Ack=104258 Win=132096 Len=0,2
103,1.011259,100.86.87.79,157.240.229.174,TLSv1.3,483,Application Data,2
104,1.011393,100.86.87.79,157.240.229.174,TLSv1.3,979,Application Data,2
105,1.011675,157.240.229.174,100.86.87.79,TCP,2838,"443  >  61355 [PSH, ACK] Seq=104258 Ack=16751 Win=112896 Len=2784 [TCP segment of a reassembled PDU]",2
106,1.011675,157.240.229.174,100.86.87.79,TLSv1.3,1446,Application Data,2
107,1.011675,157.240.229.174,100.86.87.79,TCP,1446,443  >  61355 [ACK] Seq=108434 Ack=17541 Win=115712 Len=1392 [TCP segment of a reassembled PDU],2
108,1.011675,157.240.229.174,100.86.87.79,TCP,1446,443  >  61355 [ACK] Seq=109826 Ack=17541 Win=115712 Len=1392 [TCP segment of a reassembled PDU],2
109,1.011675,157.240.229.174,100.86.87.79,TLSv1.3,1446,Application Data,2
110,1.011857,100.86.87.79,157.240.229.174,TCP,54,61355  >  443 [ACK] Seq=18895 Ack=112610 Win=132096 Len=0,2
111,1.019669,157.240.229.174,100.86.87.79,TCP,1446,443  >  61355 [ACK] Seq=112610 Ack=17541 Win=115712 Len=1392 [TCP segment of a reassembled PDU],2
112,1.019669,157.240.229.174,100.86.87.79,TLSv1.3,1446,Application Data,2
113,1.019669,157.240.229.174,100.86.87.79,TLSv1.3,1446,Application Data,2
114,1.019669,157.240.229.174,100.86.87.79,TCP,1446,443  >  61355 [ACK] Seq=116786 Ack=17541 Win=115712 Len=1392 [TCP segment of a reassembled PDU],2
115,1.019669,157.240.229.174,100.86.87.79,TCP,1446,443  >  61355 [ACK] Seq=118178 Ack=17541 Win=115712 Len=1392 [TCP segment of a reassembled PDU],2
116,1.019669,157.240.229.174,100.86.87.79,TLSv1.3,1446,Application Data,2
117,1.019669,157.240.229.174,100.86.87.79,TCP,1446,443  >  61355 [ACK] Seq=120962 Ack=17541 Win=115712 Len=1392 [TCP segment of a reassembled PDU],2
118,1.019669,157.240.229.174,100.86.87.79,TCP,1446,"443  >  61355 [PSH, ACK] Seq=122354 Ack=17541 Win=115712 Len=1392 [TCP segment of a reassembled PDU]",2
119,1.019905,100.86.87.79,157.240.229.174,TCP,54,61355  >  443 [ACK] Seq=18895 Ack=123746 Win=132096 Len=0,2
120,1.021846,157.240.229.174,100.86.87.79,TLSv1.3,1446,Application Data,2
121,1.021846,157.240.229.174,100.86.87.79,TCP,1446,443  >  61355 [ACK] Seq=125138 Ack=17541 Win=115712 Len=1392 [TCP segment of a reassembled PDU],2
122,1.021846,157.240.229.174,100.86.87.79,TCP,1446,443  >  61355 [ACK] Seq=126530 Ack=17541 Win=115712 Len=1392 [TCP segment of a reassembled PDU],2
123,1.021846,157.240.229.174,100.86.87.79,TLSv1.3,1446,Application Data,2
124,1.021846,157.240.229.174,100.86.87.79,TCP,1446,443  >  61355 [ACK] Seq=129314 Ack=17541 Win=115712 Len=1392 [TCP segment of a reassembled PDU],2
125,1.021846,157.240.229.174,100.86.87.79,TLSv1.3,1446,Application Data,2
126,1.021846,157.240.229.174,100.86.87.79,TLSv1.3,1446,Application Data,2
127,1.021846,157.240.229.174,100.86.87.79,TLSv1.3,1350,"Application Data, Application Data",2
128,1.021846,157.240.229.174,100.86.87.79,TLSv1.3,254,"Application Data, Application Data",2
129,1.021846,157.240.229.174,100.86.87.79,TCP,1446,443  >  61355 [ACK] Seq=134986 Ack=17541 Win=115712 Len=1392 [TCP segment of a reassembled PDU],2
130,1.021846,157.240.229.174,100.86.87.79,TLSv1.3,1446,Application Data,2
131,1.021846,157.240.229.174,100.86.87.79,TCP,1446,443  >  61355 [ACK] Seq=137770 Ack=17541 Win=115712 Len=1392 [TCP segment of a reassembled PDU],2
132,1.021846,157.240.229.174,100.86.87.79,TCP,1446,443  >  61355 [ACK] Seq=139162 Ack=17541 Win=115712 Len=1392 [TCP segment of a reassembled PDU],2
133,1.021846,157.240.229.174,100.86.87.79,TLSv1.3,1446,Application Data,2
134,1.021846,157.240.229.174,100.86.87.79,TCP,1446,"443  >  61355 [PSH, ACK] Seq=141946 Ack=17541 Win=115712 Len=1392 [TCP segment of a reassembled PDU]",2
135,1.022097,100.86.87.79,157.240.229.174,TCP,54,61355  >  443 [ACK] Seq=18895 Ack=143338 Win=132096 Len=0,2
136,1.037468,157.240.229.174,100.86.87.79,TCP,1446,443  >  61355 [ACK] Seq=143338 Ack=17541 Win=115712 Len=1392 [TCP segment of a reassembled PDU],2
137,1.037468,157.240.229.174,100.86.87.79,TLSv1.3,1446,Application Data,2
138,1.037468,157.240.229.174,100.86.87.79,TCP,1446,443  >  61355 [ACK] Seq=146122 Ack=17541 Win=115712 Len=1392 [TCP segment of a reassembled PDU],2
139,1.037468,157.240.229.174,100.86.87.79,TLSv1.3,1446,Application Data,2
140,1.037468,157.240.229.174,100.86.87.79,TCP,1446,443  >  61355 [ACK] Seq=148906 Ack=17541 Win=115712 Len=1392 [TCP segment of a reassembled PDU],2
141,1.037468,157.240.229.174,100.86.87.79,TLSv1.3,1446,Application Data,2
142,1.037642,100.86.87.79,157.240.229.174,TCP,54,61355  >  443 [ACK] Seq=18895 Ack=151690 Win=132096 Len=0,2
143,1.049155,157.240.229.174,100.86.87.79,TLSv1.3,1446,Application Data,2
144,1.049227,100.86.87.79,157.240.229.174,TCP,54,61355  >  443 [ACK] Seq=18895 Ack=153082 Win=132096 Len=0,2
145,1.04973,157.240.229.174,100.86.87.79,TCP,1446,443  >  61355 [ACK] Seq=153082 Ack=17541 Win=115712 Len=1392 [TCP segment of a reassembled PDU],2
146,1.04973,157.240.229.174,100.86.87.79,TLSv1.3,1446,Application Data,2
147,1.04973,157.240.229.174,100.86.87.79,TCP,1446,443  >  61355 [ACK] Seq=155866 Ack=17541 Win=115712 Len=1392 [TCP segment of a reassembled PDU],2
148,1.04973,157.240.229.174,100.86.87.79,TLSv1.3,1446,Application Data,2
149,1.04973,157.240.229.174,100.86.87.79,TCP,1446,"443  >  61355 [PSH, ACK] Seq=158650 Ack=17541 Win=115712 Len=1392 [TCP segment of a reassembled PDU]",2
150,1.04973,157.240.229.174,100.86.87.79,TCP,1446,443  >  61355 [ACK] Seq=160042 Ack=17541 Win=115712 Len=1392 [TCP segment of a reassembled PDU],2
151,1.04973,157.240.229.174,100.86.87.79,TLSv1.3,1446,Application Data,2
152,1.04973,157.240.229.174,100.86.87.79,TCP,1446,443  >  61355 [ACK] Seq=162826 Ack=17541 Win=115712 Len=1392 [TCP segment of a reassembled PDU],2
153,1.04973,157.240.229.174,100.86.87.79,TCP,1446,443  >  61355 [ACK] Seq=164218 Ack=17541 Win=115712 Len=1392 [TCP segment of a reassembled PDU],2
154,1.04973,157.240.229.174,100.86.87.79,TLSv1.3,1446,Application Data,2
155,1.04973,157.240.229.174,100.86.87.79,TCP,1446,"443  >  61355 [PSH, ACK] Seq=167002 Ack=17541 Win=115712 Len=1392 [TCP segment of a reassembled PDU]",2
156,1.04973,157.240.229.174,100.86.87.79,TLSv1.3,1446,"Application Data, Application Data",2
157,1.04973,157.240.229.174,100.86.87.79,TLSv1.3,1446,Application Data,2
158,1.04973,157.240.229.174,100.86.87.79,TCP,1446,443  >  61355 [ACK] Seq=171178 Ack=17541 Win=115712 Len=1392 [TCP segment of a reassembled PDU],2
159,1.04973,157.240.229.174,100.86.87.79,TLSv1.3,1446,Application Data,2
160,1.04973,157.240.229.174,100.86.87.79,TCP,1446,443  >  61355 [ACK] Seq=173962 Ack=17541 Win=115712 Len=1392 [TCP segment of a reassembled PDU],2
161,1.04973,157.240.229.174,100.86.87.79,TLSv1.3,1446,Application Data,2
162,1.04973,157.240.229.174,100.86.87.79,TCP,1446,443  >  61355 [ACK] Seq=176746 Ack=17541 Win=115712 Len=1392 [TCP segment of a reassembled PDU],2
163,1.04973,157.240.229.174,100.86.87.79,TCP,1446,443  >  61355 [ACK] Seq=178138 Ack=17541 Win=115712 Len=1392 [TCP segment of a reassembled PDU],2
164,1.04973,157.240.229.174,100.86.87.79,TLSv1.3,1446,Application Data,2
165,1.04973,157.240.229.174,100.86.87.79,TCP,1446,"443  >  61355 [PSH, ACK] Seq=180922 Ack=17541 Win=115712 Len=1392 [TCP segment of a reassembled PDU]",2
166,1.04973,157.240.229.174,100.86.87.79,TCP,1446,443  >  61355 [ACK] Seq=182314 Ack=17541 Win=115712 Len=1392 [TCP segment of a reassembled PDU],2
167,1.04973,157.240.229.174,100.86.87.79,TLSv1.3,1446,Application Data,2
168,1.04973,157.240.229.174,100.86.87.79,TLSv1.3,1446,Application Data,2
169,1.050065,100.86.87.79,157.240.229.174,TCP,54,61355  >  443 [ACK] Seq=18895 Ack=186490 Win=132096 Len=0,2
170,1.050163,157.240.229.174,100.86.87.79,TLSv1.3,1446,Application Data,2
171,1.050163,157.240.229.174,100.86.87.79,TCP,1446,443  >  61355 [ACK] Seq=187882 Ack=17541 Win=115712 Len=1392 [TCP segment of a reassembled PDU],2
172,1.050163,157.240.229.174,100.86.87.79,TCP,1446,"443  >  61355 [PSH, ACK] Seq=189274 Ack=17541 Win=115712 Len=1392 [TCP segment of a reassembled PDU]",2
173,1.050163,157.240.229.174,100.86.87.79,TLSv1.3,1446,Application Data,2
174,1.050163,157.240.229.174,100.86.87.79,TCP,1446,443  >  61355 [ACK] Seq=192058 Ack=17541 Win=115712 Len=1392 [TCP segment of a reassembled PDU],2
175,1.050163,157.240.229.174,100.86.87.79,TCP,1446,443  >  61355 [ACK] Seq=193450 Ack=17541 Win=115712 Len=1392 [TCP segment of a reassembled PDU],2
176,1.050163,157.240.229.174,100.86.87.79,TLSv1.3,1446,Application Data,2
177,1.050163,157.240.229.174,100.86.87.79,TCP,1446,443  >  61355 [ACK] Seq=196234 Ack=17541 Win=115712 Len=1392 [TCP segment of a reassembled PDU],2
178,1.050163,157.240.229.174,100.86.87.79,TCP,1446,"443  >  61355 [PSH, ACK] Seq=197626 Ack=17541 Win=115712 Len=1392 [TCP segment of a reassembled PDU]",2
179,1.050163,157.240.229.174,100.86.87.79,TLSv1.3,1446,Application Data,2
180,1.050163,157.240.229.174,100.86.87.79,TLSv1.3,1446,Application Data,2
181,1.050163,157.240.229.174,100.86.87.79,TLSv1.3,1446,Application Data,2
182,1.050163,157.240.229.174,100.86.87.79,TLSv1.3,1446,Application Data,2
183,1.050163,157.240.229.174,100.86.87.79,TCP,1446,443  >  61355 [ACK] Seq=204586 Ack=17541 Win=115712 Len=1392 [TCP segment of a reassembled PDU],2
184,1.050163,157.240.229.174,100.86.87.79,TCP,1446,"443  >  61355 [PSH, ACK] Seq=205978 Ack=17541 Win=115712 Len=1392 [TCP segment of a reassembled PDU]",2
185,1.050163,157.240.229.174,100.86.87.79,TLSv1.3,1446,Application Data,2
186,1.050163,157.240.229.174,100.86.87.79,TCP,1446,443  >  61355 [ACK] Seq=208762 Ack=17541 Win=115712 Len=1392 [TCP segment of a reassembled PDU],2
187,1.050163,157.240.229.174,100.86.87.79,TCP,1446,443  >  61355 [ACK] Seq=210154 Ack=17541 Win=115712 Len=1392 [TCP segment of a reassembled PDU],2
188,1.050163,157.240.229.174,100.86.87.79,TLSv1.3,1446,Application Data,2
189,1.050163,157.240.229.174,100.86.87.79,TCP,1446,443  >  61355 [ACK] Seq=212938 Ack=17541 Win=115712 Len=1392 [TCP segment of a reassembled PDU],2
190,1.050163,157.240.229.174,100.86.87.79,TCP,1446,"443  >  61355 [PSH, ACK] Seq=214330 Ack=17541 Win=115712 Len=1392 [TCP segment of a reassembled PDU]",2
191,1.050163,157.240.229.174,100.86.87.79,TLSv1.3,1446,Application Data,2
192,1.050163,157.240.229.174,100.86.87.79,TLSv1.3,1446,Application Data,2
193,1.050163,157.240.229.174,100.86.87.79,TLSv1.3,1446,Application Data,2
194,1.050163,157.240.229.174,100.86.87.79,TLSv1.3,1446,Application Data,2
195,1.050163,157.240.229.174,100.86.87.79,TCP,1446,443  >  61355 [ACK] Seq=221290 Ack=18895 Win=121344 Len=1392 [TCP segment of a reassembled PDU],2
196,1.050163,157.240.229.174,100.86.87.79,TCP,1446,"443  >  61355 [PSH, ACK] Seq=222682 Ack=18895 Win=121344 Len=1392 [TCP segment of a reassembled PDU]",2
197,1.050163,157.240.229.174,100.86.87.79,TCP,56,443  >  61355 [ACK] Seq=215722 Ack=18895 Win=121344 Len=0,2
198,1.050446,100.86.87.79,157.240.229.174,TCP,54,61355  >  443 [ACK] Seq=18895 Ack=224074 Win=132096 Len=0,2
199,1.052265,157.240.229.174,100.86.87.79,TLSv1.3,40422,"Application Data, Application Data, Application Data, Application Data, Application Data, Application Data, Application Data, Application Data, Application Data, Application Data, Application Data, Application Data",2
200,1.052371,100.86.87.79,157.240.229.174,TCP,54,61355  >  443 [ACK] Seq=18895 Ack=264442 Win=132096 Len=0,2
201,1.053909,157.240.229.174,100.86.87.79,TLSv1.3,2838,"Application Data, Application Data",2
202,1.053938,100.86.87.79,157.240.229.174,TCP,54,61355  >  443 [ACK] Seq=18895 Ack=267226 Win=132096 Len=0,2
203,1.054583,157.240.229.174,100.86.87.79,TCP,1446,443  >  61355 [ACK] Seq=267226 Ack=18895 Win=121344 Len=1392 [TCP segment of a reassembled PDU],2
204,1.054583,157.240.229.174,100.86.87.79,TLSv1.3,1446,Application Data,2
205,1.054583,157.240.229.174,100.86.87.79,TLSv1.3,1446,Application Data,2
206,1.054583,157.240.229.174,100.86.87.79,TCP,1446,443  >  61355 [ACK] Seq=271402 Ack=18895 Win=121344 Len=1392 [TCP segment of a reassembled PDU],2
207,1.054647,100.86.87.79,157.240.229.174,TCP,54,61355  >  443 [ACK] Seq=18895 Ack=272794 Win=132096 Len=0,2
208,1.055226,157.240.229.174,100.86.87.79,TCP,1446,"443  >  61355 [PSH, ACK] Seq=272794 Ack=18895 Win=121344 Len=1392 [TCP segment of a reassembled PDU]",2
209,1.059605,157.240.229.174,100.86.87.79,TLSv1.3,1446,Application Data,2
210,1.059649,100.86.87.79,157.240.229.174,TCP,54,61355  >  443 [ACK] Seq=18895 Ack=275578 Win=264448 Len=0,2
211,1.063758,157.240.229.174,100.86.87.79,TCP,1446,443  >  61355 [ACK] Seq=275578 Ack=18895 Win=121344 Len=1392 [TCP segment of a reassembled PDU],2
212,1.063758,157.240.229.174,100.86.87.79,TCP,1446,443  >  61355 [ACK] Seq=276970 Ack=18895 Win=121344 Len=1392 [TCP segment of a reassembled PDU],2
213,1.063758,157.240.229.174,100.86.87.79,TLSv1.3,1446,Application Data,2
214,1.063758,157.240.229.174,100.86.87.79,TLSv1.3,683,"Application Data, Application Data",2
215,1.063888,100.86.87.79,157.240.229.174,TCP,54,61355  >  443 [ACK] Seq=18895 Ack=280383 Win=264448 Len=0,2
216,1.065041,100.86.87.79,157.240.229.174,TLSv1.3,147,Application Data,2
217,1.065116,100.86.87.79,157.240.229.174,TLSv1.3,928,Application Data,2
218,1.06564,157.240.229.174,100.86.87.79,TCP,1446,443  >  61355 [ACK] Seq=280383 Ack=18895 Win=121344 Len=1392 [TCP segment of a reassembled PDU],2
219,1.06564,157.240.229.174,100.86.87.79,TLSv1.3,1172,"Application Data, Application Data",2
220,1.06564,157.240.229.174,100.86.87.79,TCP,1446,443  >  61355 [ACK] Seq=282893 Ack=18895 Win=121344 Len=1392 [TCP segment of a reassembled PDU],2
221,1.06564,157.240.229.174,100.86.87.79,TLSv1.3,115,Application Data,2
222,1.06564,157.240.229.174,100.86.87.79,TLSv1.3,77,Application Data,2
223,1.06564,157.240.229.174,100.86.87.79,TLSv1.3,20934,"Application Data, Application Data, Application Data, Application Data, Application Data, Application Data",2
224,1.06581,100.86.87.79,157.240.229.174,TCP,54,61355  >  443 [ACK] Seq=19862 Ack=305249 Win=264448 Len=0,2
225,1.067553,157.240.229.174,100.86.87.79,TLSv1.3,19542,"Application Data, Application Data, Application Data, Application Data, Application Data, Application Data",2
226,1.067804,100.86.87.79,157.240.229.174,TCP,54,61355  >  443 [ACK] Seq=19862 Ack=324737 Win=264448 Len=0,2
227,1.068718,157.240.229.174,100.86.87.79,TLSv1.3,16758,"Application Data, Application Data, Application Data, Application Data, Application Data",2
228,1.068803,100.86.87.79,157.240.229.174,TCP,54,61355  >  443 [ACK] Seq=19862 Ack=341441 Win=264448 Len=0,2
229,1.069866,157.240.229.174,100.86.87.79,TLSv1.3,5622,Application Data,2
230,1.070005,100.86.87.79,157.240.229.174,TCP,54,61355  >  443 [ACK] Seq=19862 Ack=347009 Win=264448 Len=0,2
231,1.070544,157.240.229.174,100.86.87.79,TLSv1.3,1446,Application Data,2
232,1.070544,157.240.229.174,100.86.87.79,TCP,1446,443  >  61355 [ACK] Seq=348401 Ack=18895 Win=121344 Len=1392 [TCP segment of a reassembled PDU],2
233,1.070607,100.86.87.79,157.240.229.174,TCP,54,61355  >  443 [ACK] Seq=19862 Ack=349793 Win=264448 Len=0,2
234,1.071689,157.240.229.174,100.86.87.79,TLSv1.3,16758,"Application Data, Application Data, Application Data, Application Data, Application Data",2
235,1.071724,100.86.87.79,157.240.229.174,TCP,54,61355  >  443 [ACK] Seq=19862 Ack=366497 Win=264448 Len=0,2
236,1.072948,157.240.229.174,100.86.87.79,TLSv1.3,16758,"Application Data, Application Data, Application Data, Application Data, Application Data",2
237,1.07302,100.86.87.79,157.240.229.174,TCP,54,61355  >  443 [ACK] Seq=19862 Ack=383201 Win=264448 Len=0,2
238,1.074443,157.240.229.174,100.86.87.79,TLSv1.3,8406,"Application Data, Application Data, Application Data, Application Data",2
239,1.074523,100.86.87.79,157.240.229.174,TCP,54,61355  >  443 [ACK] Seq=19862 Ack=391553 Win=264448 Len=0,2
240,1.074925,157.240.229.174,100.86.87.79,TLSv1.3,5622,Application Data,2
241,1.074988,100.86.87.79,157.240.229.174,TCP,54,61355  >  443 [ACK] Seq=19862 Ack=397121 Win=264448 Len=0,2
242,1.075312,157.240.229.174,100.86.87.79,TCP,1446,"443  >  61355 [PSH, ACK] Seq=397121 Ack=18895 Win=121344 Len=1392 [TCP segment of a reassembled PDU]",2
243,1.075312,157.240.229.174,100.86.87.79,TCP,56,443  >  61355 [ACK] Seq=398513 Ack=19862 Win=124160 Len=0,2
244,1.075387,100.86.87.79,157.240.229.174,TCP,54,61355  >  443 [ACK] Seq=19862 Ack=398513 Win=264448 Len=0,2
245,1.082335,157.240.229.174,100.86.87.79,TLSv1.3,1446,Application Data,2
246,1.082397,100.86.87.79,157.240.229.174,TCP,54,61355  >  443 [ACK] Seq=19862 Ack=399905 Win=264448 Len=0,2
247,1.082953,157.240.229.174,100.86.87.79,TLSv1.3,2838,"Application Data, Application Data",2
248,1.082975,100.86.87.79,157.240.229.174,TCP,54,61355  >  443 [ACK] Seq=19862 Ack=402689 Win=264448 Len=0,2
249,1.084209,157.240.229.174,100.86.87.79,TLSv1.3,5622,Application Data,2
250,1.084227,100.86.87.79,157.240.229.174,TCP,54,61355  >  443 [ACK] Seq=19862 Ack=408257 Win=264448 Len=0,2
251,1.086785,157.240.229.174,100.86.87.79,TCP,1446,443  >  61355 [ACK] Seq=408257 Ack=19862 Win=124160 Len=1392 [TCP segment of a reassembled PDU],2
252,1.086785,157.240.229.174,100.86.87.79,TLSv1.3,1446,Application Data,2
253,1.086785,157.240.229.174,100.86.87.79,TLSv1.3,4230,Application Data,2
254,1.086871,100.86.87.79,157.240.229.174,TCP,54,61355  >  443 [ACK] Seq=19862 Ack=415217 Win=264448 Len=0,2
255,1.090946,157.240.229.174,100.86.87.79,TLSv1.3,45990,"Application Data, Application Data, Application Data, Application Data, Application Data, Application Data, Application Data, Application Data, Application Data, Application Data, Application Data, Application Data, Application Data, Application Data, Application Data",2
256,1.090946,157.240.229.174,100.86.87.79,TLSv1.3,1374,"Application Data, Application Data",2
257,1.090946,157.240.229.174,100.86.87.79,TLSv1.3,207,Application Data,2
258,1.090946,157.240.229.174,100.86.87.79,TLSv1.3,231,Application Data,2
259,1.090946,157.240.229.174,100.86.87.79,TLSv1.3,22326,"Application Data, Application Data, Application Data, Application Data, Application Data, Application Data, Application Data",2
260,1.091049,100.86.87.79,157.240.229.174,TCP,54,61355  >  443 [ACK] Seq=19862 Ack=485075 Win=264448 Len=0,2
261,1.097578,157.240.229.174,100.86.87.79,TLSv1.3,65478,"Application Data, Application Data, Application Data, Application Data, Application Data, Application Data, Application Data, Application Data, Application Data, Application Data, Application Data, Application Data, Application Data, Application Data, Application Data, Application Data, Application Data, Application Data, Application Data, Application Data",2
262,1.097578,157.240.229.174,100.86.87.79,TLSv1.3,7014,"Application Data, Application Data",2
263,1.097578,157.240.229.174,100.86.87.79,TLSv1.3,11190,"Application Data, Application Data, Application Data, Application Data",2
264,1.097715,100.86.87.79,157.240.229.174,TCP,54,61355  >  443 [ACK] Seq=19862 Ack=568595 Win=253184 Len=0,2
265,1.097772,100.86.87.79,157.240.229.174,TCP,54,[TCP Window Update] 61355  >  443 [ACK] Seq=19862 Ack=568595 Win=264448 Len=0,2
266,1.099622,157.240.229.174,100.86.87.79,TCP,1446,443  >  61355 [ACK] Seq=568595 Ack=19862 Win=124160 Len=1392 [TCP segment of a reassembled PDU],2
267,1.099622,157.240.229.174,100.86.87.79,TCP,1446,443  >  61355 [ACK] Seq=569987 Ack=19862 Win=124160 Len=1392 [TCP segment of a reassembled PDU],2
268,1.099622,157.240.229.174,100.86.87.79,TLSv1.3,1446,Application Data,2
269,1.099622,157.240.229.174,100.86.87.79,TCP,1446,443  >  61355 [ACK] Seq=572771 Ack=19862 Win=124160 Len=1392 [TCP segment of a reassembled PDU],2
270,1.099622,157.240.229.174,100.86.87.79,TLSv1.3,16758,"Application Data, Application Data, Application Data, Application Data, Application Data",2
271,1.099797,100.86.87.79,157.240.229.174,TCP,54,61355  >  443 [ACK] Seq=19862 Ack=590867 Win=264448 Len=0,2
272,1.100844,157.240.229.174,100.86.87.79,TLSv1.3,11190,"Application Data, Application Data, Application Data, Application Data",2
273,1.100913,100.86.87.79,157.240.229.174,TCP,54,61355  >  443 [ACK] Seq=19862 Ack=602003 Win=264448 Len=0,2
274,1.102161,157.240.229.174,100.86.87.79,TLSv1.3,22326,"Application Data, Application Data, Application Data, Application Data, Application Data, Application Data, Application Data",2
275,1.10225,100.86.87.79,157.240.229.174,TCP,54,61355  >  443 [ACK] Seq=19862 Ack=624275 Win=264448 Len=0,2
276,1.105356,157.240.229.174,100.86.87.79,TLSv1.3,4230,"Application Data, Application Data",2
277,1.105356,157.240.229.174,100.86.87.79,TLSv1.3,44598,"Application Data, Application Data, Application Data, Application Data, Application Data, Application Data, Application Data, Application Data, Application Data, Application Data, Application Data, Application Data, Application Data, Application Data",2
278,1.105502,100.86.87.79,157.240.229.174,TCP,54,61355  >  443 [ACK] Seq=19862 Ack=672995 Win=264448 Len=0,2
279,1.110781,157.240.229.174,100.86.87.79,TLSv1.3,15366,"Application Data, Application Data, Application Data, Application Data, Application Data",2
280,1.110781,157.240.229.174,100.86.87.79,TLSv1.3,988,"Application Data, Application Data",2
281,1.110879,100.86.87.79,157.240.229.174,TCP,54,61355  >  443 [ACK] Seq=19862 Ack=689241 Win=264448 Len=0,2
282,1.112461,157.240.229.174,100.86.87.79,TLSv1.3,614,Application Data,2
283,1.112796,157.240.229.174,100.86.87.79,TCP,1446,443  >  61355 [ACK] Seq=689801 Ack=19862 Win=124160 Len=1392 [TCP segment of a reassembled PDU],2
284,1.112796,157.240.229.174,100.86.87.79,TLSv1.3,499,"Application Data, Application Data",2
285,1.112857,100.86.87.79,157.240.229.174,TCP,54,61355  >  443 [ACK] Seq=19862 Ack=691638 Win=264448 Len=0,2
286,1.124102,100.86.87.79,157.240.229.174,TLSv1.3,201,Application Data,2
287,1.136164,157.240.229.174,100.86.87.79,TLSv1.3,89,Application Data,2
288,1.136858,157.240.229.174,100.86.87.79,TLSv1.3,198,Application Data,2
289,1.136943,100.86.87.79,157.240.229.174,TCP,54,61355  >  443 [ACK] Seq=20009 Ack=691817 Win=264192 Len=0,2
290,1.138958,157.240.229.174,100.86.87.79,TLSv1.3,207,Application Data,2
291,1.142822,157.240.229.174,100.86.87.79,TLSv1.3,224,Application Data,2
292,1.142891,100.86.87.79,157.240.229.174,TCP,54,61355  >  443 [ACK] Seq=20009 Ack=692140 Win=263936 Len=0,2
293,1.145743,100.86.87.79,157.240.229.174,TLSv1.3,130,Application Data,2
294,1.157251,157.240.229.174,100.86.87.79,TLSv1.3,89,Application Data,2
295,1.174304,157.240.229.174,100.86.87.79,TLSv1.3,206,Application Data,2
296,1.174376,100.86.87.79,157.240.229.174,TCP,54,61355  >  443 [ACK] Seq=20085 Ack=692327 Win=263680 Len=0,2
297,1.174666,157.240.229.174,100.86.87.79,TLSv1.3,673,Application Data,2
298,1.225341,100.86.87.79,157.240.229.174,TCP,54,61355  >  443 [ACK] Seq=20085 Ack=692946 Win=263168 Len=0,2
299,1.230599,100.86.87.79,157.240.229.174,TLSv1.3,147,Application Data,2
300,1.230687,100.86.87.79,157.240.229.174,TLSv1.3,821,Application Data,2
301,1.241496,157.240.229.174,100.86.87.79,TLSv1.3,89,Application Data,2
302,1.268511,157.240.229.174,100.86.87.79,TLSv1.3,197,Application Data,2
303,1.268557,100.86.87.79,157.240.229.174,TCP,54,61355  >  443 [ACK] Seq=20945 Ack=693124 Win=264448 Len=0,2
304,1.271474,157.240.229.174,100.86.87.79,TCP,1446,443  >  61355 [ACK] Seq=693124 Ack=20945 Win=129792 Len=1392 [TCP segment of a reassembled PDU],2
305,1.271474,157.240.229.174,100.86.87.79,TLSv1.3,481,"Application Data, Application Data",2
306,1.271566,100.86.87.79,157.240.229.174,TCP,54,61355  >  443 [ACK] Seq=20945 Ack=694943 Win=264448 Len=0,2
307,1.884025,100.86.87.79,157.240.229.174,TLSv1.3,386,Application Data,2
308,1.884217,100.86.87.79,157.240.229.174,TLSv1.3,4404,Application Data,2
309,1.895823,157.240.229.174,100.86.87.79,TCP,56,443  >  61355 [ACK] Seq=694943 Ack=22669 Win=135168 Len=0,2
310,1.89869,157.240.229.174,100.86.87.79,TCP,56,443  >  61355 [ACK] Seq=694943 Ack=25627 Win=141056 Len=0,2
311,1.89869,157.240.229.174,100.86.87.79,TLSv1.3,89,Application Data,2
312,1.912251,157.240.229.174,100.86.87.79,TLSv1.3,229,Application Data,2
313,1.912329,100.86.87.79,157.240.229.174,TCP,54,61355  >  443 [ACK] Seq=25627 Ack=695153 Win=264192 Len=0,2
314,5.953684,100.86.87.79,157.240.229.174,TLSv1.3,616,Application Data,2
315,5.966706,157.240.229.174,100.86.87.79,TLSv1.3,89,Application Data,2
316,6.01928,100.86.87.79,157.240.229.174,TCP,54,61355  >  443 [ACK] Seq=26189 Ack=695188 Win=264192 Len=0,2
317,6.042721,157.240.229.174,100.86.87.79,TLSv1.3,215,Application Data,2
318,6.044541,157.240.229.174,100.86.87.79,TCP,1446,443  >  61355 [ACK] Seq=695349 Ack=26189 Win=143872 Len=1392 [TCP segment of a reassembled PDU],2
319,6.044541,157.240.229.174,100.86.87.79,TLSv1.3,1446,Application Data,2
320,6.044541,157.240.229.174,100.86.87.79,TLSv1.3,5622,"Application Data, Application Data, Application Data",2
321,6.044627,100.86.87.79,157.240.229.174,TCP,54,61355  >  443 [ACK] Seq=26189 Ack=703701 Win=264448 Len=0,2
322,6.047472,100.86.87.79,157.240.229.174,TLSv1.3,89,Application Data,2
323,6.049447,157.240.229.174,100.86.87.79,TLSv1.3,1129,Application Data,2
324,6.092232,100.86.87.79,157.240.229.174,TCP,54,61355  >  443 [ACK] Seq=26224 Ack=704776 Win=263168 Len=0,2
325,6.100714,157.240.229.174,100.86.87.79,TCP,56,443  >  61355 [ACK] Seq=704776 Ack=26224 Win=143872 Len=0,2
326,9.716073,100.86.87.79,157.240.229.174,TLSv1.3,616,Application Data,2
327,9.726989,157.240.229.174,100.86.87.79,TCP,56,443  >  61355 [ACK] Seq=704776 Ack=26786 Win=146688 Len=0,2
328,9.72741,157.240.229.174,100.86.87.79,TLSv1.3,89,Application Data,2
329,9.783112,100.86.87.79,157.240.229.174,TCP,54,61355  >  443 [ACK] Seq=26786 Ack=704811 Win=263168 Len=0,2
330,9.783818,157.240.229.174,100.86.87.79,TLSv1.3,217,Application Data,2
331,9.788697,157.240.229.174,100.86.87.79,TLSv1.3,2838,Application Data,2
332,9.788697,157.240.229.174,100.86.87.79,TLSv1.3,101,Application Data,2
333,9.788926,100.86.87.79,157.240.229.174,TCP,54,61355  >  443 [ACK] Seq=26786 Ack=707805 Win=264448 Len=0,2
334,11.04102,100.86.87.79,157.240.229.174,TLSv1.3,630,Application Data,2
335,11.054297,157.240.229.174,100.86.87.79,TLSv1.3,89,Application Data,2
336,11.102968,100.86.87.79,157.240.229.174,TCP,54,61355  >  443 [ACK] Seq=27362 Ack=707840 Win=264192 Len=0,2
337,11.124106,157.240.229.174,100.86.87.79,TLSv1.3,216,Application Data,2
338,11.128421,157.240.229.174,100.86.87.79,TCP,1446,443  >  61355 [ACK] Seq=708002 Ack=27362 Win=149504 Len=1392 [TCP segment of a reassembled PDU],2
339,11.128421,157.240.229.174,100.86.87.79,TLSv1.3,1446,Application Data,2
340,11.128421,157.240.229.174,100.86.87.79,TLSv1.3,1446,Application Data,2
341,11.128421,157.240.229.174,100.86.87.79,TLSv1.3,1446,Application Data,2
342,11.128421,157.240.229.174,100.86.87.79,TCP,1446,443  >  61355 [ACK] Seq=713570 Ack=27362 Win=149504 Len=1392 [TCP segment of a reassembled PDU],2
343,11.128421,157.240.229.174,100.86.87.79,TLSv1.3,780,Application Data,2
344,11.128779,100.86.87.79,157.240.229.174,TCP,54,61355  >  443 [ACK] Seq=27362 Ack=715688 Win=264448 Len=0,2
345,11.129027,157.240.229.174,100.86.87.79,TLSv1.3,88,Application Data,2
346,11.129216,100.86.87.79,157.240.229.174,TCP,54,61355  >  443 [ACK] Seq=27362 Ack=715722 Win=264192 Len=0,2
347,11.130709,100.86.87.79,157.240.229.174,TLSv1.3,89,Application Data,2
348,11.185487,157.240.229.174,100.86.87.79,TCP,56,443  >  61355 [ACK] Seq=715722 Ack=27397 Win=149504 Len=0,2
349,15.722096,100.86.87.79,157.240.229.174,TLSv1.3,165,Application Data,2
350,15.722425,100.86.87.79,157.240.229.174,TLSv1.3,517,Application Data,2
351,15.733461,157.240.229.174,100.86.87.79,TCP,56,443  >  61355 [ACK] Seq=715722 Ack=27971 Win=152320 Len=0,2
352,15.733696,157.240.229.174,100.86.87.79,TLSv1.3,89,Application Data,2
353,15.749977,157.240.229.174,100.86.87.79,TLSv1.3,225,Application Data,2
354,15.750133,100.86.87.79,157.240.229.174,TCP,54,61355  >  443 [ACK] Seq=27971 Ack=715928 Win=264192 Len=0,2
355,15.751986,100.86.87.79,157.240.229.174,TLSv1.3,89,Application Data,2
356,15.803017,157.240.229.174,100.86.87.79,TCP,56,443  >  61355 [ACK] Seq=715928 Ack=28006 Win=152320 Len=0,2
357,26.306215,100.86.87.79,157.240.229.174,TLSv1.3,249,Application Data,2
358,26.306364,100.86.87.79,157.240.229.174,TLSv1.3,93,Application Data,2
359,26.306403,100.86.87.79,157.240.229.174,TLSv1.3,123,Application Data,2
360,26.309619,100.86.87.79,157.240.229.174,TLSv1.3,501,Application Data,2
361,26.309771,100.86.87.79,157.240.229.174,TLSv1.3,2304,Application Data,2
362,26.318343,157.240.229.174,100.86.87.79,TCP,56,443  >  61355 [ACK] Seq=715928 Ack=28201 Win=155136 Len=0,2
363,26.31865,157.240.229.174,100.86.87.79,TLSv1.3,89,Application Data,2
364,26.32015,157.240.229.174,100.86.87.79,TCP,56,443  >  61355 [ACK] Seq=715963 Ack=28309 Win=155136 Len=0,2
365,26.321509,157.240.229.174,100.86.87.79,TLSv1.3,93,Application Data,2
366,26.321509,157.240.229.174,100.86.87.79,TCP,56,443  >  61355 [ACK] Seq=716002 Ack=30148 Win=160768 Len=0,2
367,26.321662,100.86.87.79,157.240.229.174,TCP,54,61355  >  443 [ACK] Seq=31006 Ack=716002 Win=263936 Len=0,2
368,26.321928,157.240.229.174,100.86.87.79,TLSv1.3,89,Application Data,2
369,26.333739,157.240.229.174,100.86.87.79,TLSv1.3,231,Application Data,2
370,26.333798,100.86.87.79,157.240.229.174,TCP,54,61355  >  443 [ACK] Seq=31006 Ack=716214 Win=263936 Len=0,2
371,26.539805,157.240.229.174,100.86.87.79,TCP,1446,443  >  61355 [ACK] Seq=716214 Ack=31006 Win=163328 Len=1392 [TCP segment of a reassembled PDU],2
372,26.539805,157.240.229.174,100.86.87.79,TLSv1.3,769,Application Data,2
373,26.539805,157.240.229.174,100.86.87.79,TLSv1.3,280,Application Data,2
374,26.539986,100.86.87.79,157.240.229.174,TCP,54,61355  >  443 [ACK] Seq=31006 Ack=718547 Win=264448 Len=0,2
375,26.540161,157.240.229.174,100.86.87.79,TCP,280,"[TCP Spurious Retransmission] 443  >  61355 [PSH, ACK] Seq=718321 Ack=31006 Win=163328 Len=226",2
376,26.540261,100.86.87.79,157.240.229.174,TCP,66,[TCP Dup ACK 374#1] 61355  >  443 [ACK] Seq=31006 Ack=718547 Win=264448 Len=0 SLE=718321 SRE=718547,2
377,26.541954,100.86.87.79,157.240.229.174,TLSv1.3,89,Application Data,2
378,26.592688,157.240.229.174,100.86.87.79,TCP,56,443  >  61355 [ACK] Seq=718547 Ack=31041 Win=163328 Len=0,2
379,31.506201,100.86.87.79,157.240.229.174,TLSv1.3,494,Application Data,2
380,31.506303,100.86.87.79,157.240.229.174,TLSv1.3,977,Application Data,2
381,31.518118,157.240.229.174,100.86.87.79,TCP,56,443  >  61355 [ACK] Seq=718547 Ack=32404 Win=168960 Len=0,2
382,31.518402,157.240.229.174,100.86.87.79,TLSv1.3,89,Application Data,2
383,31.532358,157.240.229.174,100.86.87.79,TLSv1.3,240,Application Data,2
384,31.53247,100.86.87.79,157.240.229.174,TCP,54,61355  >  443 [ACK] Seq=32404 Ack=718768 Win=264192 Len=0,2
385,33.552037,100.86.87.79,157.240.229.174,TLSv1.3,419,Application Data,2
386,33.55223,100.86.87.79,157.240.229.174,TLSv1.3,1098,Application Data,2
387,33.564544,157.240.229.174,100.86.87.79,TCP,56,443  >  61355 [ACK] Seq=718768 Ack=33813 Win=174592 Len=0,2
388,33.565754,157.240.229.174,100.86.87.79,TLSv1.3,89,Application Data,2
389,33.580491,157.240.229.174,100.86.87.79,TLSv1.3,243,Application Data,2
390,33.580591,100.86.87.79,157.240.229.174,TCP,54,61355  >  443 [ACK] Seq=33813 Ack=718992 Win=263936 Len=0,2
391,38.706767,100.86.87.79,157.240.229.174,TLSv1.3,666,Application Data,2
392,38.707423,100.86.87.79,157.240.229.174,TLSv1.3,1092,Application Data,2
393,38.720657,157.240.229.174,100.86.87.79,TLSv1.3,89,Application Data,2
394,38.734064,157.240.229.174,100.86.87.79,TLSv1.3,243,Application Data,2
395,38.73419,100.86.87.79,157.240.229.174,TCP,54,61355  >  443 [ACK] Seq=35463 Ack=719216 Win=263680 Len=0,2
396,39.708592,100.86.87.79,157.240.229.174,TLSv1.3,388,Application Data,2
397,39.708693,100.86.87.79,157.240.229.174,TLSv1.3,1143,Application Data,2
398,39.719889,157.240.229.174,100.86.87.79,TLSv1.3,89,Application Data,2
399,39.733668,157.240.229.174,100.86.87.79,TLSv1.3,244,Application Data,2
400,39.733758,100.86.87.79,157.240.229.174,TCP,54,61355  >  443 [ACK] Seq=36886 Ack=719441 Win=263424 Len=0,2
401,52.944225,100.86.87.79,157.240.229.174,TLSv1.3,388,Application Data,2
402,52.944344,100.86.87.79,157.240.229.174,TLSv1.3,93,Application Data,2
403,52.944415,100.86.87.79,157.240.229.174,TLSv1.3,1117,Application Data,2
404,52.954095,157.240.229.174,100.86.87.79,TCP,56,443  >  61355 [ACK] Seq=719441 Ack=37259 Win=188416 Len=0,2
405,52.955071,157.240.229.174,100.86.87.79,TLSv1.3,106,Application Data,2
406,52.971649,157.240.229.174,100.86.87.79,TLSv1.3,247,Application Data,2
407,52.971718,100.86.87.79,157.240.229.174,TCP,54,61355  >  443 [ACK] Seq=38322 Ack=719686 Win=263168 Len=0,2
408,53.94617,100.86.87.79,157.240.229.174,TLSv1.3,401,Application Data,2
409,53.94629,100.86.87.79,157.240.229.174,TLSv1.3,1144,Application Data,2
410,53.956058,157.240.229.174,100.86.87.79,TCP,56,443  >  61355 [ACK] Seq=719686 Ack=39759 Win=196864 Len=0,2
411,53.956399,157.240.229.174,100.86.87.79,TLSv1.3,89,Application Data,2
412,53.971502,157.240.229.174,100.86.87.79,TLSv1.3,245,Application Data,2
413,53.971603,100.86.87.79,157.240.229.174,TCP,54,61355  >  443 [ACK] Seq=39759 Ack=719912 Win=262912 Len=0,2
414,55.191499,100.86.87.79,157.240.229.174,TCP,66,61389  >  443 [SYN] Seq=0 Win=64240 Len=0 MSS=1460 WS=256 SACK_PERM,2
415,55.201524,157.240.229.174,100.86.87.79,TCP,66,"443  >  61389 [SYN, ACK] Seq=0 Ack=1 Win=65535 Len=0 MSS=1392 SACK_PERM WS=256",2
416,55.201627,100.86.87.79,157.240.229.174,TCP,54,61389  >  443 [ACK] Seq=1 Ack=1 Win=132096 Len=0,2
417,55.202138,100.86.87.79,157.240.229.174,TLSv1.3,1878,Client Hello (SNI=help.instagram.com),2
418,55.214538,157.240.229.174,100.86.87.79,TCP,56,443  >  61389 [ACK] Seq=1 Ack=1825 Win=71168 Len=0,2
419,55.217909,157.240.229.174,100.86.87.79,TLSv1.3,1446,"Server Hello, Change Cipher Spec, Application Data",2
420,55.217909,157.240.229.174,100.86.87.79,TLSv1.3,1109,Application Data,2
421,55.217991,100.86.87.79,157.240.229.174,TCP,54,61389  >  443 [ACK] Seq=1825 Ack=2448 Win=132096 Len=0,2
422,55.219473,100.86.87.79,157.240.229.174,TLSv1.3,118,"Change Cipher Spec, Application Data",2
423,55.230823,157.240.229.174,100.86.87.79,TLSv1.3,226,Application Data,2
424,55.231056,157.240.229.174,100.86.87.79,TLSv1.3,128,Application Data,2
425,55.23111,100.86.87.79,157.240.229.174,TCP,54,61389  >  443 [ACK] Seq=1889 Ack=2694 Win=131840 Len=0,2
426,55.409078,100.86.87.79,157.240.229.174,TLSv1.3,146,Application Data,2
427,55.40952,100.86.87.79,157.240.229.174,TLSv1.3,85,Application Data,2
428,55.409616,100.86.87.79,157.240.229.174,TLSv1.3,712,Application Data,2
429,55.409872,100.86.87.79,157.240.229.174,TLSv1.3,388,Application Data,2
430,55.409977,100.86.87.79,157.240.229.174,TLSv1.3,1389,Application Data,2
431,55.421105,157.240.229.174,100.86.87.79,TCP,56,443  >  61389 [ACK] Seq=2694 Ack=2012 Win=71168 Len=0,2
432,55.421282,157.240.229.174,100.86.87.79,TLSv1.3,85,Application Data,2
433,55.421626,157.240.229.174,100.86.87.79,TCP,56,443  >  61355 [ACK] Seq=719912 Ack=41428 Win=202496 Len=0,2
434,55.422447,157.240.229.174,100.86.87.79,TLSv1.3,89,Application Data,2
435,55.42254,100.86.87.79,157.240.229.174,TCP,54,61389  >  443 [ACK] Seq=2670 Ack=2760 Win=131840 Len=0,2
436,55.422619,157.240.229.174,100.86.87.79,TLSv1.3,89,Application Data,2
437,55.437986,157.240.229.174,100.86.87.79,TLSv1.3,247,Application Data,2
438,55.438091,100.86.87.79,157.240.229.174,TCP,54,61355  >  443 [ACK] Seq=41428 Ack=720140 Win=264448 Len=0,2
439,55.474018,157.240.229.174,100.86.87.79,TCP,1446,443  >  61389 [ACK] Seq=2760 Ack=2670 Win=73984 Len=1392 [TCP segment of a reassembled PDU],2
440,55.474888,157.240.229.174,100.86.87.79,TCP,1446,"443  >  61389 [PSH, ACK] Seq=4152 Ack=2670 Win=73984 Len=1392 [TCP segment of a reassembled PDU]",2
441,55.474888,157.240.229.174,100.86.87.79,TLSv1.3,1446,Application Data,2
442,55.47505,100.86.87.79,157.240.229.174,TCP,54,61389  >  443 [ACK] Seq=2670 Ack=6936 Win=132096 Len=0,2
443,55.475755,157.240.229.174,100.86.87.79,TLSv1.3,331,Application Data,2
444,55.475755,157.240.229.174,100.86.87.79,TLSv1.3,1189,Application Data,2
445,55.475868,100.86.87.79,157.240.229.174,TCP,54,61389  >  443 [ACK] Seq=2670 Ack=8348 Win=132096 Len=0,2
446,55.478671,157.240.229.174,100.86.87.79,TLSv1.3,11190,"Application Data, Application Data, Application Data, Application Data, Application Data, Application Data, Application Data",2
447,55.478671,157.240.229.174,100.86.87.79,TLSv1.3,156,Application Data,2
448,55.47881,100.86.87.79,157.240.229.174,TCP,54,61389  >  443 [ACK] Seq=2670 Ack=19586 Win=132096 Len=0,2
449,55.488721,157.240.229.174,100.86.87.79,TLSv1.3,1021,Application Data,2
450,55.528226,100.86.87.79,157.240.229.174,TLSv1.3,443,Application Data,2
451,55.528367,100.86.87.79,157.240.229.174,TLSv1.3,190,Application Data,2
452,55.542206,157.240.229.174,100.86.87.79,TCP,56,443  >  61389 [ACK] Seq=20553 Ack=3195 Win=79616 Len=0,2
453,55.542206,157.240.229.174,100.86.87.79,TLSv1.3,89,Application Data,2
454,55.542206,157.240.229.174,100.86.87.79,TCP,1446,443  >  61389 [ACK] Seq=20588 Ack=3195 Win=79616 Len=1392 [TCP segment of a reassembled PDU],2
455,55.542403,100.86.87.79,157.240.229.174,TCP,54,61389  >  443 [ACK] Seq=3195 Ack=21980 Win=132096 Len=0,2
456,55.544562,157.240.229.174,100.86.87.79,TLSv1.3,184,Application Data,2
457,55.544562,157.240.229.174,100.86.87.79,TCP,1446,443  >  61389 [ACK] Seq=22110 Ack=3195 Win=79616 Len=1392 [TCP segment of a reassembled PDU],2
458,55.544562,157.240.229.174,100.86.87.79,TLSv1.3,1446,Application Data,2
459,55.544562,157.240.229.174,100.86.87.79,TLSv1.3,1446,Application Data,2
460,55.544562,157.240.229.174,100.86.87.79,TLSv1.3,1446,Application Data,2
461,55.544562,157.240.229.174,100.86.87.79,TLSv1.3,1446,Application Data,2
462,55.544562,157.240.229.174,100.86.87.79,TLSv1.3,110,Application Data,2
463,55.544562,157.240.229.174,100.86.87.79,TLSv1.3,2838,Application Data,2
464,55.545017,100.86.87.79,157.240.229.174,TCP,54,61389  >  443 [ACK] Seq=3195 Ack=31910 Win=132096 Len=0,2
465,55.547129,157.240.229.174,100.86.87.79,TLSv1.3,1446,Application Data,2
466,55.547129,157.240.229.174,100.86.87.79,TLSv1.3,1446,Application Data,2
467,55.547129,157.240.229.174,100.86.87.79,TLSv1.3,1446,Application Data,2
468,55.547129,157.240.229.174,100.86.87.79,TLSv1.3,113,Application Data,2
469,55.547129,157.240.229.174,100.86.87.79,TCP,1446,443  >  61389 [ACK] Seq=36145 Ack=3195 Win=79616 Len=1392 [TCP segment of a reassembled PDU],2
470,55.547129,157.240.229.174,100.86.87.79,TLSv1.3,1446,Application Data,2
471,55.547129,157.240.229.174,100.86.87.79,TLSv1.3,1446,Application Data,2
472,55.547129,157.240.229.174,100.86.87.79,TLSv1.3,1446,Application Data,2
473,55.547415,100.86.87.79,157.240.229.174,TCP,54,61389  >  443 [ACK] Seq=3195 Ack=41713 Win=132096 Len=0,2
474,55.548772,157.240.229.174,100.86.87.79,TLSv1.3,67,Application Data,2
475,55.548961,100.86.87.79,157.240.229.174,TCP,54,61389  >  443 [ACK] Seq=3195 Ack=41726 Win=132096 Len=0,2
476,55.551751,157.240.229.174,100.86.87.79,TLSv1.3,148,Application Data,2
477,55.562031,157.240.229.174,100.86.87.79,TCP,1446,443  >  61389 [ACK] Seq=41820 Ack=3195 Win=79616 Len=1392 [TCP segment of a reassembled PDU],2
478,55.562031,157.240.229.174,100.86.87.79,TLSv1.3,1446,Application Data,2
479,55.562031,157.240.229.174,100.86.87.79,TLSv1.3,1446,Application Data,2
480,55.562334,100.86.87.79,157.240.229.174,TCP,54,61389  >  443 [ACK] Seq=3195 Ack=45996 Win=132096 Len=0,2
481,55.564654,157.240.229.174,100.86.87.79,TLSv1.3,1446,Application Data,2
482,55.564654,157.240.229.174,100.86.87.79,TLSv1.3,1446,Application Data,2
483,55.564813,100.86.87.79,157.240.229.174,TCP,54,61389  >  443 [ACK] Seq=3195 Ack=48780 Win=132096 Len=0,2
484,55.565706,157.240.229.174,100.86.87.79,TLSv1.3,99,Application Data,2
485,55.565706,157.240.229.174,100.86.87.79,TLSv1.3,1356,Application Data,2
486,55.565978,100.86.87.79,157.240.229.174,TCP,54,61389  >  443 [ACK] Seq=3195 Ack=50127 Win=130816 Len=0,2
487,55.567852,157.240.229.174,100.86.87.79,TLSv1.3,366,Application Data,2
488,55.567852,157.240.229.174,100.86.87.79,TLSv1.3,158,Application Data,2
489,55.56803,100.86.87.79,157.240.229.174,TCP,54,61389  >  443 [ACK] Seq=3195 Ack=50543 Win=132096 Len=0,2
490,55.680225,157.240.229.174,100.86.87.79,TCP,1446,443  >  61389 [ACK] Seq=50543 Ack=3195 Win=79616 Len=1392 [TCP segment of a reassembled PDU],2
491,55.680994,157.240.229.174,100.86.87.79,TLSv1.3,2838,"Application Data, Application Data",2
492,55.681088,100.86.87.79,157.240.229.174,TCP,54,61389  >  443 [ACK] Seq=3195 Ack=54719 Win=132096 Len=0,2
493,55.681251,157.240.229.174,100.86.87.79,TLSv1.3,117,Application Data,2
494,55.681301,100.86.87.79,157.240.229.174,TCP,54,61389  >  443 [ACK] Seq=3195 Ack=54782 Win=132096 Len=0,2
495,55.79234,157.240.229.174,100.86.87.79,TCP,1446,443  >  61389 [ACK] Seq=54782 Ack=3195 Win=79616 Len=1392 [TCP segment of a reassembled PDU],2
496,55.794274,157.240.229.174,100.86.87.79,TLSv1.3,5622,"Application Data, Application Data, Application Data, Application Data",2
497,55.794274,157.240.229.174,100.86.87.79,TLSv1.3,108,Application Data,2
498,55.794274,157.240.229.174,100.86.87.79,TLSv1.3,2838,Application Data,2
499,55.794418,100.86.87.79,157.240.229.174,TCP,54,61389  >  443 [ACK] Seq=3195 Ack=64580 Win=132096 Len=0,2
500,55.796399,157.240.229.174,100.86.87.79,TLSv1.3,4230,"Application Data, Application Data, Application Data",2
501,55.796399,157.240.229.174,100.86.87.79,TLSv1.3,113,Application Data,2
502,55.796498,100.86.87.79,157.240.229.174,TCP,54,61389  >  443 [ACK] Seq=3195 Ack=68815 Win=132096 Len=0,2
503,55.799627,157.240.229.174,100.86.87.79,TLSv1.3,5622,"Application Data, Application Data, Application Data",2
504,55.799744,100.86.87.79,157.240.229.174,TCP,54,61389  >  443 [ACK] Seq=3195 Ack=74383 Win=132096 Len=0,2
505,55.800141,157.240.229.174,100.86.87.79,TLSv1.3,1446,Application Data,2
506,55.800141,157.240.229.174,100.86.87.79,TLSv1.3,108,Application Data,2
507,55.800141,157.240.229.174,100.86.87.79,TLSv1.3,2838,Application Data,2
508,55.800263,100.86.87.79,157.240.229.174,TCP,54,61389  >  443 [ACK] Seq=3195 Ack=78613 Win=132096 Len=0,2
509,55.806767,157.240.229.174,100.86.87.79,TLSv1.3,4230,"Application Data, Application Data, Application Data",2
510,55.806767,157.240.229.174,100.86.87.79,TLSv1.3,113,Application Data,2
511,55.806767,157.240.229.174,100.86.87.79,TLSv1.3,19542,"Application Data, Application Data, Application Data, Application Data, Application Data, Application Data, Application Data, Application Data, Application Data, Application Data, Application Data, Application Data, Application Data",2
512,55.806885,100.86.87.79,157.240.229.174,TCP,54,61389  >  443 [ACK] Seq=3195 Ack=102336 Win=132096 Len=0,2
513,55.807796,157.240.229.174,100.86.87.79,TLSv1.3,1446,Application Data,2
514,55.808407,157.240.229.174,100.86.87.79,TLSv1.3,2838,"Application Data, Application Data",2
515,55.808472,100.86.87.79,157.240.229.174,TCP,54,61389  >  443 [ACK] Seq=3195 Ack=106512 Win=132096 Len=0,2
516,55.808676,157.240.229.174,100.86.87.79,TLSv1.3,1446,Application Data,2
517,55.808725,100.86.87.79,157.240.229.174,TCP,54,61389  >  443 [ACK] Seq=3195 Ack=107904 Win=132096 Len=0,2
518,55.809098,157.240.229.174,100.86.87.79,TLSv1.3,2838,"Application Data, Application Data",2
519,55.809152,100.86.87.79,157.240.229.174,TCP,54,61389  >  443 [ACK] Seq=3195 Ack=110688 Win=132096 Len=0,2
520,55.809873,157.240.229.174,100.86.87.79,TLSv1.3,2838,"Application Data, Application Data",2
521,55.80993,100.86.87.79,157.240.229.174,TCP,54,61389  >  443 [ACK] Seq=3195 Ack=113472 Win=132096 Len=0,2
522,55.811419,157.240.229.174,100.86.87.79,TLSv1.3,2838,"Application Data, Application Data",2
523,55.811495,100.86.87.79,157.240.229.174,TCP,54,61389  >  443 [ACK] Seq=3195 Ack=116256 Win=132096 Len=0,2
524,55.811839,157.240.229.174,100.86.87.79,TLSv1.3,2838,"Application Data, Application Data",2
525,55.811899,100.86.87.79,157.240.229.174,TCP,54,61389  >  443 [ACK] Seq=3195 Ack=119040 Win=132096 Len=0,2
526,55.812228,157.240.229.174,100.86.87.79,TLSv1.3,2838,"Application Data, Application Data",2
527,55.812277,100.86.87.79,157.240.229.174,TCP,54,61389  >  443 [ACK] Seq=3195 Ack=121824 Win=132096 Len=0,2
528,55.813104,157.240.229.174,100.86.87.79,TLSv1.3,2838,"Application Data, Application Data",2
529,55.813166,100.86.87.79,157.240.229.174,TCP,54,61389  >  443 [ACK] Seq=3195 Ack=124608 Win=132096 Len=0,2
530,55.816106,157.240.229.174,100.86.87.79,TLSv1.3,5622,"Application Data, Application Data, Application Data, Application Data",2
531,55.816196,100.86.87.79,157.240.229.174,TCP,54,61389  >  443 [ACK] Seq=3195 Ack=130176 Win=132096 Len=0,2
532,55.81668,157.240.229.174,100.86.87.79,TLSv1.3,2838,"Application Data, Application Data",2
533,55.816721,100.86.87.79,157.240.229.174,TCP,54,61389  >  443 [ACK] Seq=3195 Ack=132960 Win=132096 Len=0,2
534,55.816817,157.240.229.174,100.86.87.79,TLSv1.3,1361,"Application Data, Application Data",2
535,55.860904,100.86.87.79,157.240.229.174,TCP,54,61389  >  443 [ACK] Seq=3195 Ack=134267 Win=130816 Len=0,2
536,55.893714,100.86.87.79,157.240.229.174,TLSv1.3,210,Application Data,2
537,55.906038,157.240.229.174,100.86.87.79,TLSv1.3,89,Application Data,2
538,55.952934,157.240.229.174,100.86.87.79,TLSv1.3,322,Application Data,2
539,55.952934,157.240.229.174,100.86.87.79,TLSv1.3,2838,Application Data,2
540,55.953006,100.86.87.79,157.240.229.174,TCP,54,61389  >  443 [ACK] Seq=3351 Ack=137354 Win=132096 Len=0,2
541,55.953884,157.240.229.174,100.86.87.79,TLSv1.3,584,"Application Data, Application Data",2
542,56.004957,100.86.87.79,157.240.229.174,TCP,54,61389  >  443 [ACK] Seq=3351 Ack=137884 Win=131584 Len=0,2
543,56.026151,100.86.87.79,157.240.229.174,TLSv1.3,192,Application Data,2
544,56.026261,100.86.87.79,157.240.229.174,TLSv1.3,1602,Application Data,2
545,56.028311,100.86.87.79,157.240.229.174,TLSv1.3,149,Application Data,2
546,56.028403,100.86.87.79,157.240.229.174,TLSv1.3,2049,Application Data,2
547,56.04331,157.240.229.174,100.86.87.79,TCP,56,443  >  61389 [ACK] Seq=137884 Ack=4881 Win=87808 Len=0,2
548,56.04331,157.240.229.174,100.86.87.79,TLSv1.3,89,Application Data,2
549,56.048466,157.240.229.174,100.86.87.79,TLSv1.3,89,Application Data,2
550,56.048466,157.240.229.174,100.86.87.79,TCP,56,443  >  61389 [ACK] Seq=137954 Ack=7127 Win=96256 Len=0,2
551,56.048733,100.86.87.79,157.240.229.174,TCP,54,61389  >  443 [ACK] Seq=7127 Ack=137954 Win=131584 Len=0,2
552,56.082077,157.240.229.174,100.86.87.79,TCP,1446,443  >  61389 [ACK] Seq=137954 Ack=7127 Win=96256 Len=1392 [TCP segment of a reassembled PDU],2
553,56.082077,157.240.229.174,100.86.87.79,TLSv1.3,996,Application Data,2
554,56.082077,157.240.229.174,100.86.87.79,TCP,1446,443  >  61389 [ACK] Seq=140288 Ack=7127 Win=96256 Len=1392 [TCP segment of a reassembled PDU],2
555,56.082077,157.240.229.174,100.86.87.79,TLSv1.3,925,"Application Data, Application Data",2
556,56.082312,100.86.87.79,157.240.229.174,TCP,54,61389  >  443 [ACK] Seq=7127 Ack=142551 Win=132096 Len=0,2
557,56.103604,157.240.229.174,100.86.87.79,TLSv1.3,198,Application Data,2
558,56.103604,157.240.229.174,100.86.87.79,TCP,1446,443  >  61389 [ACK] Seq=142695 Ack=7127 Win=96256 Len=1392 [TCP segment of a reassembled PDU],2
559,56.103767,100.86.87.79,157.240.229.174,TCP,54,61389  >  443 [ACK] Seq=7127 Ack=144087 Win=132096 Len=0,2
560,56.104771,157.240.229.174,100.86.87.79,TLSv1.3,1446,Application Data,2
561,56.104771,157.240.229.174,100.86.87.79,TLSv1.3,1090,"Application Data, Application Data",2
562,56.104891,100.86.87.79,157.240.229.174,TCP,54,61389  >  443 [ACK] Seq=7127 Ack=146515 Win=132096 Len=0,2
563,56.19671,100.86.87.79,157.240.229.174,TLSv1.3,384,Application Data,2
564,56.196833,100.86.87.79,157.240.229.174,TLSv1.3,1032,Application Data,2
565,56.206741,157.240.229.174,100.86.87.79,TLSv1.3,89,Application Data,2
566,56.228099,157.240.229.174,100.86.87.79,TLSv1.3,207,Application Data,2
567,56.228212,100.86.87.79,157.240.229.174,TCP,54,61389  >  443 [ACK] Seq=8435 Ack=146703 Win=131840 Len=0,2
568,56.894161,100.86.87.79,157.240.229.174,TLSv1.3,384,Application Data,2
569,56.894402,100.86.87.79,157.240.229.174,TLSv1.3,6639,Application Data,2
570,56.906159,157.240.229.174,100.86.87.79,TLSv1.3,89,Application Data,2
571,56.906447,157.240.229.174,100.86.87.79,TCP,56,443  >  61389 [ACK] Seq=146738 Ack=15350 Win=117760 Len=0,2
572,56.929821,157.240.229.174,100.86.87.79,TLSv1.3,231,Application Data,2
573,56.93002,100.86.87.79,157.240.229.174,TCP,54,61389  >  443 [ACK] Seq=15350 Ack=146915 Win=131840 Len=0,2
574,58.574248,100.86.87.79,157.240.229.174,TLSv1.3,1281,Application Data,2
575,58.585857,157.240.229.174,100.86.87.79,TLSv1.3,89,Application Data,2
576,58.631477,100.86.87.79,157.240.229.174,TCP,54,61389  >  443 [ACK] Seq=16577 Ack=146950 Win=131584 Len=0,2
577,58.712372,157.240.229.174,100.86.87.79,TLSv1.3,216,Application Data,2
578,58.712719,157.240.229.174,100.86.87.79,TLSv1.3,2838,Application Data,2
579,58.712855,100.86.87.79,157.240.229.174,TCP,54,61389  >  443 [ACK] Seq=16577 Ack=149896 Win=132096 Len=0,2
580,58.714098,157.240.229.174,100.86.87.79,TLSv1.3,5622,"Application Data, Application Data, Application Data, Application Data",2
581,58.714209,100.86.87.79,157.240.229.174,TCP,54,61389  >  443 [ACK] Seq=16577 Ack=155464 Win=132096 Len=0,2
582,58.714443,157.240.229.174,100.86.87.79,TLSv1.3,13974,"Application Data, Application Data, Application Data, Application Data, Application Data, Application Data, Application Data, Application Data, Application Data, Application Data",2
583,58.71457,100.86.87.79,157.240.229.174,TCP,54,61389  >  443 [ACK] Seq=16577 Ack=169384 Win=132096 Len=0,2
584,58.716018,157.240.229.174,100.86.87.79,TLSv1.3,5622,"Application Data, Application Data, Application Data, Application Data",2
585,58.716126,100.86.87.79,157.240.229.174,TCP,54,61389  >  443 [ACK] Seq=16577 Ack=174952 Win=132096 Len=0,2
586,58.721922,157.240.229.174,100.86.87.79,TLSv1.3,1446,Application Data,2
587,58.721922,157.240.229.174,100.86.87.79,TLSv1.3,575,Application Data,2
588,58.721975,100.86.87.79,157.240.229.174,TCP,54,61389  >  443 [ACK] Seq=16577 Ack=176865 Win=132096 Len=0,2
589,61.322318,100.86.87.79,157.240.229.174,TLSv1.3,199,Application Data,2
590,61.322576,100.86.87.79,157.240.229.174,TLSv1.3,1819,Application Data,2
591,61.336574,157.240.229.174,100.86.87.79,TCP,56,443  >  61389 [ACK] Seq=176865 Ack=18114 Win=126208 Len=0,2
592,61.342864,157.240.229.174,100.86.87.79,TLSv1.3,89,Application Data,2
593,61.391232,100.86.87.79,157.240.229.174,TCP,54,61389  >  443 [ACK] Seq=18487 Ack=176900 Win=132096 Len=0,2
594,61.469085,157.240.229.174,100.86.87.79,TLSv1.3,220,Application Data,2
595,61.469085,157.240.229.174,100.86.87.79,TCP,1446,443  >  61389 [ACK] Seq=177066 Ack=18487 Win=129024 Len=1392 [TCP segment of a reassembled PDU],2
596,61.469085,157.240.229.174,100.86.87.79,TLSv1.3,1446,Application Data,2
597,61.469364,100.86.87.79,157.240.229.174,TCP,54,61389  >  443 [ACK] Seq=18487 Ack=179850 Win=132096 Len=0,2
598,61.47041,157.240.229.174,100.86.87.79,TLSv1.3,13974,"Application Data, Application Data, Application Data, Application Data, Application Data, Application Data, Application Data, Application Data, Application Data",2
599,61.470622,100.86.87.79,157.240.229.174,TCP,54,61389  >  443 [ACK] Seq=18487 Ack=193770 Win=132096 Len=0,2
600,61.475943,100.86.87.79,157.240.229.174,TLSv1.3,89,Application Data,2
601,61.476018,157.240.229.174,100.86.87.79,TLSv1.3,1446,Application Data,2
602,61.476018,157.240.229.174,100.86.87.79,TLSv1.3,458,"Application Data, Application Data, Application Data",2
603,61.47625,100.86.87.79,157.240.229.174,TCP,54,61389  >  443 [ACK] Seq=18522 Ack=195566 Win=132096 Len=0,2
604,61.530137,157.240.229.174,100.86.87.79,TCP,56,443  >  61389 [ACK] Seq=195566 Ack=18522 Win=129024 Len=0,2
605,61.617252,100.86.87.79,157.240.229.174,TLSv1.3,183,Application Data,2
606,61.617398,100.86.87.79,157.240.229.174,TLSv1.3,1675,Application Data,2
607,61.619088,100.86.87.79,157.240.229.174,TLSv1.3,149,Application Data,2
608,61.619185,100.86.87.79,157.240.229.174,TLSv1.3,2042,Application Data,2
609,61.628226,157.240.229.174,100.86.87.79,TCP,56,443  >  61389 [ACK] Seq=195566 Ack=18651 Win=131840 Len=0,2
610,61.628226,157.240.229.174,100.86.87.79,TLSv1.3,89,Application Data,2
611,61.628226,157.240.229.174,100.86.87.79,TCP,56,443  >  61389 [ACK] Seq=195601 Ack=20272 Win=137216 Len=0,2
612,61.630797,157.240.229.174,100.86.87.79,TLSv1.3,89,Application Data,2
613,61.630951,100.86.87.79,157.240.229.174,TCP,54,61389  >  443 [ACK] Seq=22355 Ack=195636 Win=132096 Len=0,2
614,61.679127,157.240.229.174,100.86.87.79,TLSv1.3,196,Application Data,2
615,61.67948,157.240.229.174,100.86.87.79,TCP,1446,443  >  61389 [ACK] Seq=195778 Ack=22355 Win=142848 Len=1392 [TCP segment of a reassembled PDU],2
616,61.67948,157.240.229.174,100.86.87.79,TLSv1.3,1106,"Application Data, Application Data",2
617,61.679668,100.86.87.79,157.240.229.174,TCP,54,61389  >  443 [ACK] Seq=22355 Ack=198222 Win=132096 Len=0,2
618,61.679945,157.240.229.174,100.86.87.79,TLSv1.3,88,Application Data,2
619,61.680058,100.86.87.79,157.240.229.174,TCP,54,61389  >  443 [ACK] Seq=22355 Ack=198256 Win=132096 Len=0,2
620,61.692706,157.240.229.174,100.86.87.79,TLSv1.3,196,Application Data,2
621,61.692962,157.240.229.174,100.86.87.79,TCP,1446,443  >  61389 [ACK] Seq=198398 Ack=22355 Win=142848 Len=1392 [TCP segment of a reassembled PDU],2
622,61.692962,157.240.229.174,100.86.87.79,TLSv1.3,1433,"Application Data, Application Data",2
623,61.693114,100.86.87.79,157.240.229.174,TCP,54,61389  >  443 [ACK] Seq=22355 Ack=201169 Win=132096 Len=0,2
624,62.541549,100.86.87.79,157.240.229.174,TLSv1.3,385,Application Data,2
625,62.541721,100.86.87.79,157.240.229.174,TLSv1.3,3417,Application Data,2
626,62.555701,157.240.229.174,100.86.87.79,TCP,56,443  >  61389 [ACK] Seq=201169 Ack=24078 Win=148480 Len=0,2
627,62.555701,157.240.229.174,100.86.87.79,TCP,56,443  >  61389 [ACK] Seq=201169 Ack=26049 Win=154112 Len=0,2
628,62.555918,157.240.229.174,100.86.87.79,TLSv1.3,89,Application Data,2
629,62.587001,157.240.229.174,100.86.87.79,TLSv1.3,230,Application Data,2
630,62.587191,100.86.87.79,157.240.229.174,TCP,54,61389  >  443 [ACK] Seq=26049 Ack=201380 Win=131840 Len=0,2
631,64.837162,100.86.87.79,157.240.229.174,TLSv1.3,385,Application Data,2
632,64.837305,100.86.87.79,157.240.229.174,TLSv1.3,1071,Application Data,2
633,64.850768,157.240.229.174,100.86.87.79,TCP,56,443  >  61389 [ACK] Seq=201380 Ack=27397 Win=159488 Len=0,2
634,64.85101,157.240.229.174,100.86.87.79,TLSv1.3,89,Application Data,2
635,64.876677,157.240.229.174,100.86.87.79,TLSv1.3,229,Application Data,2
636,64.876771,100.86.87.79,157.240.229.174,TCP,54,61389  >  443 [ACK] Seq=27397 Ack=201590 Win=131584 Len=0,2
637,65.852721,100.86.87.79,157.240.229.174,TLSv1.3,384,Application Data,2
638,65.853024,100.86.87.79,157.240.229.174,TLSv1.3,2942,Application Data,2
639,65.864987,157.240.229.174,100.86.87.79,TCP,56,443  >  61389 [ACK] Seq=201590 Ack=30615 Win=168192 Len=0,2
640,65.865358,157.240.229.174,100.86.87.79,TLSv1.3,89,Application Data,2
641,65.892312,157.240.229.174,100.86.87.79,TLSv1.3,230,Application Data,2
642,65.892395,100.86.87.79,157.240.229.174,TCP,54,61389  >  443 [ACK] Seq=30615 Ack=201801 Win=131584 Len=0,2
643,68.467789,100.86.87.79,157.240.229.174,TLSv1.3,406,Application Data,2
644,68.468104,100.86.87.79,157.240.229.174,TLSv1.3,93,Application Data,2
645,68.468194,100.86.87.79,157.240.229.174,TLSv1.3,1176,Application Data,2
646,68.479359,157.240.229.174,100.86.87.79,TCP,56,443  >  61355 [ACK] Seq=720140 Ack=42941 Win=207872 Len=0,2
647,68.480025,157.240.229.174,100.86.87.79,TLSv1.3,89,Application Data,2
648,68.480489,157.240.229.174,100.86.87.79,TLSv1.3,93,Application Data,2
649,68.48055,100.86.87.79,157.240.229.174,TCP,54,61355  >  443 [ACK] Seq=42941 Ack=720214 Win=264192 Len=0,2
650,68.493539,157.240.229.174,100.86.87.79,TLSv1.3,246,Application Data,2
651,68.543072,100.86.87.79,157.240.229.174,TCP,54,61355  >  443 [ACK] Seq=42941 Ack=720406 Win=264192 Len=0,2
652,69.466731,100.86.87.79,157.240.229.174,TLSv1.3,472,Application Data,2
653,69.466853,100.86.87.79,157.240.229.174,TLSv1.3,1164,Application Data,2
654,69.479674,157.240.229.174,100.86.87.79,TCP,56,443  >  61355 [ACK] Seq=720406 Ack=44469 Win=213504 Len=0,2
655,69.479958,157.240.229.174,100.86.87.79,TLSv1.3,89,Application Data,2
656,69.492243,157.240.229.174,100.86.87.79,TLSv1.3,247,Application Data,2
657,69.492407,100.86.87.79,157.240.229.174,TCP,54,61355  >  443 [ACK] Seq=44469 Ack=720634 Win=263936 Len=0,2
658,74.543626,100.86.87.79,157.240.229.174,TLSv1.3,316,Application Data,2
659,74.584478,157.240.229.174,100.86.87.79,TLSv1.3,89,Application Data,2
660,74.636972,100.86.87.79,157.240.229.174,TCP,54,61355  >  443 [ACK] Seq=44731 Ack=720669 Win=263936 Len=0,2
661,74.637165,157.240.229.174,100.86.87.79,TLSv1.3,319,Application Data,2
662,74.680119,100.86.87.79,157.240.229.174,TCP,54,61355  >  443 [ACK] Seq=44731 Ack=720934 Win=263680 Len=0,2
663,75.734364,100.86.87.79,157.240.229.174,TCP,66,61400  >  443 [SYN] Seq=0 Win=64240 Len=0 MSS=1460 WS=256 SACK_PERM,2
664,75.745144,157.240.229.174,100.86.87.79,TCP,66,"443  >  61400 [SYN, ACK] Seq=0 Ack=1 Win=65535 Len=0 MSS=1392 SACK_PERM WS=256",2
665,75.74561,100.86.87.79,157.240.229.174,TCP,54,61400  >  443 [ACK] Seq=1 Ack=1 Win=132096 Len=0,2
666,75.746977,100.86.87.79,157.240.229.174,TLSv1.3,1877,Client Hello (SNI=www.instagram.com),2
667,75.759664,157.240.229.174,100.86.87.79,TCP,56,443  >  61400 [ACK] Seq=1 Ack=1393 Win=68352 Len=0,2
668,75.759664,157.240.229.174,100.86.87.79,TCP,56,443  >  61400 [ACK] Seq=1 Ack=1824 Win=71168 Len=0,2
669,75.761459,157.240.229.174,100.86.87.79,TLSv1.3,1446,"Server Hello, Change Cipher Spec, Application Data",2
670,75.761949,157.240.229.174,100.86.87.79,TLSv1.3,1446,Application Data,2
671,75.761949,157.240.229.174,100.86.87.79,TLSv1.3,80,Application Data,2
672,75.762144,100.86.87.79,157.240.229.174,TCP,54,61400  >  443 [ACK] Seq=1824 Ack=2811 Win=132096 Len=0,2
673,75.763171,100.86.87.79,157.240.229.174,TLSv1.3,118,"Change Cipher Spec, Application Data",2
674,75.763622,100.86.87.79,157.240.229.174,TLSv1.3,146,Application Data,2
675,75.763995,100.86.87.79,157.240.229.174,TLSv1.3,374,Application Data,2
676,75.775478,157.240.229.174,100.86.87.79,TCP,56,443  >  61400 [ACK] Seq=2811 Ack=1980 Win=71168 Len=0,2
677,75.775478,157.240.229.174,100.86.87.79,TLSv1.3,230,Application Data,2
678,75.775478,157.240.229.174,100.86.87.79,TLSv1.3,128,Application Data,2
679,75.775478,157.240.229.174,100.86.87.79,TLSv1.3,98,Application Data,2
680,75.775748,100.86.87.79,157.240.229.174,TCP,54,61400  >  443 [ACK] Seq=2300 Ack=3105 Win=131840 Len=0,2
681,75.776146,100.86.87.79,157.240.229.174,TLSv1.3,85,Application Data,2
682,75.828112,157.240.229.174,100.86.87.79,TCP,56,443  >  61400 [ACK] Seq=3105 Ack=2331 Win=73984 Len=0,2
683,75.896936,157.240.229.174,100.86.87.79,TCP,2838,"443  >  61400 [PSH, ACK] Seq=3105 Ack=2331 Win=73984 Len=2784 [TCP segment of a reassembled PDU]",2
684,75.896936,157.240.229.174,100.86.87.79,TLSv1.3,873,Application Data,2
685,75.897275,100.86.87.79,157.240.229.174,TCP,54,61400  >  443 [ACK] Seq=2331 Ack=6708 Win=132096 Len=0,2
686,75.897904,100.86.87.79,157.240.229.174,TLSv1.3,89,Application Data,2
687,75.901313,157.240.229.174,100.86.87.79,TLSv1.3,77,Application Data,2
688,75.902009,157.240.229.174,100.86.87.79,TLSv1.3,2838,Application Data,2
689,75.902071,100.86.87.79,157.240.229.174,TCP,54,61400  >  443 [ACK] Seq=2366 Ack=9515 Win=132096 Len=0,2
690,75.90249,157.240.229.174,100.86.87.79,TLSv1.3,5622,Application Data,2
691,75.902557,100.86.87.79,157.240.229.174,TCP,54,61400  >  443 [ACK] Seq=2366 Ack=15083 Win=132096 Len=0,2
692,75.903837,157.240.229.174,100.86.87.79,TCP,1446,443  >  61400 [ACK] Seq=15083 Ack=2331 Win=73984 Len=1392 [TCP segment of a reassembled PDU],2
693,75.903837,157.240.229.174,100.86.87.79,TLSv1.3,1446,Application Data,2
694,75.903837,157.240.229.174,100.86.87.79,TCP,1446,443  >  61400 [ACK] Seq=17867 Ack=2331 Win=73984 Len=1392 [TCP segment of a reassembled PDU],2
695,75.903949,100.86.87.79,157.240.229.174,TCP,54,61400  >  443 [ACK] Seq=2366 Ack=19259 Win=132096 Len=0,2
696,75.905438,157.240.229.174,100.86.87.79,TLSv1.3,1446,Application Data,2
697,75.905438,157.240.229.174,100.86.87.79,TCP,1446,443  >  61400 [ACK] Seq=20651 Ack=2331 Win=73984 Len=1392 [TCP segment of a reassembled PDU],2
698,75.905562,100.86.87.79,157.240.229.174,TCP,54,61400  >  443 [ACK] Seq=2366 Ack=22043 Win=132096 Len=0,2
699,75.905896,157.240.229.174,100.86.87.79,TLSv1.3,1446,Application Data,2
700,75.905952,100.86.87.79,157.240.229.174,TCP,54,61400  >  443 [ACK] Seq=2366 Ack=23435 Win=132096 Len=0,2
701,75.908858,157.240.229.174,100.86.87.79,TLSv1.3,2838,Application Data,2
702,75.908858,157.240.229.174,100.86.87.79,TCP,56,443  >  61400 [ACK] Seq=26219 Ack=2366 Win=73984 Len=0,2
703,75.908951,100.86.87.79,157.240.229.174,TCP,54,61400  >  443 [ACK] Seq=2366 Ack=26219 Win=132096 Len=0,2
704,75.915133,157.240.229.174,100.86.87.79,TLSv1.3,5622,"Application Data, Application Data",2
705,75.915274,100.86.87.79,157.240.229.174,TCP,54,61400  >  443 [ACK] Seq=2366 Ack=31787 Win=132096 Len=0,2
706,75.915343,157.240.229.174,100.86.87.79,TLSv1.3,2838,Application Data,2
707,75.915422,100.86.87.79,157.240.229.174,TCP,54,61400  >  443 [ACK] Seq=2366 Ack=34571 Win=132096 Len=0,2
708,75.915816,157.240.229.174,100.86.87.79,TCP,2838,"443  >  61400 [PSH, ACK] Seq=34571 Ack=2366 Win=73984 Len=2784 [TCP segment of a reassembled PDU]",2
709,75.915906,100.86.87.79,157.240.229.174,TCP,54,61400  >  443 [ACK] Seq=2366 Ack=37355 Win=132096 Len=0,2
710,75.916928,157.240.229.174,100.86.87.79,TLSv1.3,2838,Application Data,2
711,75.917032,100.86.87.79,157.240.229.174,TCP,54,61400  >  443 [ACK] Seq=2366 Ack=40139 Win=132096 Len=0,2
712,75.919901,157.240.229.174,100.86.87.79,TLSv1.3,1446,"Application Data, Application Data",2
713,75.919901,157.240.229.174,100.86.87.79,TLSv1.3,1446,Application Data,2
714,75.919901,157.240.229.174,100.86.87.79,TCP,2838,"443  >  61400 [PSH, ACK] Seq=42923 Ack=2366 Win=73984 Len=2784 [TCP segment of a reassembled PDU]",2
715,75.920024,100.86.87.79,157.240.229.174,TCP,54,61400  >  443 [ACK] Seq=2366 Ack=45707 Win=132096 Len=0,2
716,75.921813,157.240.229.174,100.86.87.79,TLSv1.3,4230,Application Data,2
717,75.922117,100.86.87.79,157.240.229.174,TCP,54,61400  >  443 [ACK] Seq=2366 Ack=49883 Win=132096 Len=0,2
718,75.925306,157.240.229.174,100.86.87.79,TLSv1.3,8406,"Application Data, Application Data, Application Data, Application Data",2
719,75.92585,100.86.87.79,157.240.229.174,TCP,54,61400  >  443 [ACK] Seq=2366 Ack=58235 Win=132096 Len=0,2
720,75.926128,157.240.229.174,100.86.87.79,TLSv1.3,4230,"Application Data, Application Data, Application Data",2
721,75.926128,157.240.229.174,100.86.87.79,TCP,1446,443  >  61400 [ACK] Seq=62411 Ack=2366 Win=73984 Len=1392 [TCP segment of a reassembled PDU],2
722,75.926128,157.240.229.174,100.86.87.79,TLSv1.3,1143,"Application Data, Application Data, Application Data",2
723,75.926266,100.86.87.79,157.240.229.174,TCP,54,61400  >  443 [ACK] Seq=2366 Ack=64892 Win=132096 Len=0,2
